jaella	V.PTCP;PASS;PST	jaeltu
valkokuonovalas	N;ACC-PL	valkokuonovalaat
eriuskoinen	ADJ;PRT-SG	eriuskoista
lisuke	N;NOM-PL	lisukkeet
ilmeetön	ADJ;INS-PL	ilmeettömin
suuttua	V;ACT;PRS;PRF;POS;POT;NOM-2;NOM-PL	lienette suuttuneet
sanatarkka	ADJ;IN+ALL-SG	sanatarkkaan
sinirapu	N;PSS-3	sinirapunsa
pleonastinen	ADJ;IN+ALL-SG	pleonastiseen
kuivahtaa	V.PTCP;ACT;PRS	kuivahtava
herahtaa	V;ACT;PRS;POS;POT;NOM-2;NOM-SG	herahtanet
suka	N;PRT-PL	sukoja
asfalttipäällysteinen	ADJ;PSS-2;PSS-PL	asfalttipäällysteisenne
psykomotorinen	ADJ;PSS-2;PSS-PL	psykomotorisenne
ruoste	N;TRANS-PL	ruosteiksi
äyri	N;AT+ALL-PL	äyreille
-vuotinen	ADJ;COM-PL	-vuotisine
salattu	ADJ;PSS-3	salattunsa
luonteenomainen	ADJ;PRT-PL	luonteenomaisia
käskettää	V;PASS;PRS;PRF;POS;IMP	olkoon käsketetty
vitsoa	V;NFIN;ACT;NOM-1	vitsoakseen
huijata	V;ACT;PST;POS;IND;NOM-3;NOM-PL	huijasivat
nesessiivinen	ADJ;TRANS-SG	nesessiiviseksi
assyriologinen	ADJ;AT+ESS-PL	assyriologisilla
ansiokas	ADJ;ACC-PL	ansiokkaat
antelias	ADJ;TRANS-SG	anteliaaksi
turhantärkeä	ADJ;IN+ESS-SG	turhantärkeässä
Texas	N;PRT-SG	Texasia
pohjoismaalainen	ADJ;FRML-SG	pohjoismaalaisena
kuortanelainen	ADJ;AT+ALL-SG	kuortanelaiselle
rikostutkija	N;AT+ALL-SG	rikostutkijalle
assamilainen	ADJ;AT+ESS-PL	assamilaisilla
tiputella	V;ACT;PST;POS;IND;NOM-3;NOM-PL	tiputtelivat
kuulla	V;ACT;PRS;PRF;POS;POT;NOM-1;NOM-SG	lienen kuullut
rämähtää	V;ACT;PRS;NEG;IND;NOM-3;NOM-PL	eivät rämähdä
suuttua	V;ACT;PST;PRF;NEG;IND;NOM-3;NOM-SG	ei ollut suuttunut
uida	V;NFIN;4;ACT;NOM	uiminen
laaduton	ADJ;NOM-PL	laaduttomat
pahanmakuinen	ADJ;TRANS-PL	pahanmakuisiksi
kääntymätön	ADJ;FRML-PL	kääntymättöminä
kurttuinen	ADJ;PRIV-PL	kurttuisitta
selkävammainen	ADJ;PSS-3	selkävammaisensa
matoinen	ADJ;IN+ALL-SG	matoiseen
anksiolyyttinen	ADJ;IN+ALL-PL	anksiolyyttisiin
remeli	N;GEN-PL	remelien
upokas	N;TRANS-PL	upokkaiksi
hipoa	V;ACT;PRS;POS;IMP;NOM-3;NOM-PL	hipokoot
kinnernivel	N;TRANS-PL	kinnerniveliksi
merkittävä	ADJ;PRIV-SG	merkittävättä
iltalukio	N;IN+ESS-PL	iltalukioissa
omnipresentti	ADJ;PRIV-PL	omnipresenteittä
syntesoitua	V;NFIN;ACT;INS;NOM-2	syntesoituen
taala	N;GEN-PL	taalojen
kolkutella	V;ACT;PRS;POS;POT;NOM-2;NOM-PL	kolkutellette
murehduttaa	V;ACT;PRS;NEG;IMP;NOM-1;NOM-PL	älkäämme murehduttako
makrotaloudellinen	ADJ;ACC-PL	makrotaloudelliset
vinyyli	N;NOM-SG	vinyyli
synkronoida	V;PASS;PRS;PRF;POS;IMP	olkoon synkronoitu
säilyte	N;PRT-PL	säilytteitä
pulloposki	N;AT+ABL-SG	pulloposkelta
virheravittu	ADJ;IN+ESS-PL	virheravituissa
ataraktinen	ADJ;PRIV-SG	ataraktisetta
solkata	V;PASS;PRS;PRF;POS;POT	lienee solkattu
lasitaide	N;PSS-1;PSS-PL	lasitaiteemme
pyykinpesukone	N;TRANS-PL	pyykinpesukoneiksi
reisjärvinen	ADJ;AT+ESS-PL	reisjärvisillä
kertymä	N;PRT-PL	kertymiä
peruskartta	N;IN+ALL-SG	peruskarttaan
tärisyttää	V;ACT;PRS;NEG;COND;NOM-2;NOM-PL	ette tärisyttäisi
pitkä	ADJ;FRML-SG	pitkänä
hansa	N;NOM-SG	hansa
rämähtää	V;NFIN;ACT;AT+ESS;NOM-3	rämähtämällä
taala	N;PRT-SG	taalaa
hygieenisin	ADJ;FRML-SG	hygieenisimpänä
karstata	V;ACT;PST;PRF;POS;IND;NOM-3;NOM-SG	oli karstannut
teollisuudenharjoittaja	N;NOM-PL	teollisuudenharjoittajat
pulloposki	N;AT+ABL-PL	pulloposkilta
piikivi	N;NOM-SG	piikivi
sukia	V;NFIN;ACT;INS;NOM-3	sukiman
assamilainen	ADJ;IN+ESS-PL	assamilaisissa
sinimailanen	N;ACC-SG	sinimailanen
borneolainen	ADJ;FRML-SG	borneolaisena
naisellinen	ADJ;GEN-SG	naisellisen
voltata	V.PTCP;PASS;PST	voltattu
vatsakalvontakainen	ADJ;PRT-PL	vatsakalvontakaisia
pulloposki	N;AT+ESS-SG	pulloposkella
keritä	V;ACT;PRS;NEG;IMP;NOM-2;NOM-PL	älkää keritkö
kasvishodari	N;PSS-3	kasvishodarinsa
syöksyillä	V;ACT;PST;PRF;NEG;IND;NOM-3;NOM-SG	ei ollut syöksyillyt
käpristellä	V;NFIN;ACT;IN+ESS;NOM-3	käpristelemässä
aineistokoe	N;PRIV-PL	aineistokokeitta
koruommella	V;ACT;PRS;PRF;NEG;POT;NOM-3;NOM-SG	ei liene koruommellut
tunnontarkka	ADJ;GEN-PL	tunnontarkkojen
työteliäs	ADJ;PSS-1;PSS-PL	työteliäämme
laaduton	ADJ;ACC-SG	laaduton
päistä	N;IN+ABL(PL;PSS-2;PSS-SG	päistäsi
tanttamainen	ADJ;ACC-SG	tanttamainen
organisoitua	V;NFIN;ACT+PASS	organisoitua
vatsakalvontakainen	ADJ;IN+ABL-SG	vatsakalvontakaisesta
parikkalalainen	ADJ;PRIV-SG	parikkalalaisetta
selkävammainen	ADJ;INS-PL	selkävammaisin
lähentyä	V;ACT;PST;NEG;IND;NOM-2;NOM-PL	ette lähentyneet
työteliäs	ADJ;NOM-SG	työteliäs
äänneoppi	N;AT+ABL-PL	äänneopeilta
Nummela	N;AT+ESS-PL	Nummeloilla
polarisoitua	V;PASS;PRS;POS;IMP	polarisoiduttakoon
talousneuvos	N;COM-PL	talousneuvoksineen
intohimo	N;PSS-2;PSS-PL	intohimonne
tauota	V;ACT;PRS;NEG;IND;NOM-2;NOM-SG	et taukoa
uuttua	V.PTCP;PASS;PRS	uututtava
kriminaalinen	ADJ;AT+ALL-SG	kriminaaliselle
ripeäliikkeinen	ADJ;PRIV-SG	ripeäliikkeisettä
enigmaattinen	ADJ;COM-PL	enigmaattisine
sormeton	ADJ;IN+ESS-PL	sormettomissa
pelkosenniemeläinen	ADJ;TRANS-PL	pelkosenniemeläisiksi
valkokuonovalas	N;IN+ALL-SG	valkokuonovalaaseen
ulkoiluttaa	V;NFIN;4;PASS;NOM	ulkoiluttaminen
koruommella	V;ACT;PST;PRF;NEG;IND;NOM-1;NOM-SG	en ollut koruommellut
säilyte	N;IN+ABL-SG	säilytteestä
reilata	V;ACT;PRS;PRF;POS;COND;NOM-1;NOM-SG	olisin reilannut
stout	N;PSS-2;PSS-SG	stoutisi
passiivi	N;TRANS-PL	passiiveiksi
reisjärvinen	ADJ;COM-PL	reisjärvisine
paineastia	N;AT+ESS-SG	paineastialla
-aistinen	ADJ;TRANS-SG	-aistiseksi
tunnistaja	N;IN+ESS-SG	tunnistajassa
tunnontarkka	ADJ;NOM-PL	tunnontarkat
oirehtia	V;ACT;PST;PRF;POS;IND;NOM-3;NOM-SG	oli oirehtinut
selkälokki	N;TRANS-SG	selkälokiksi
yhtyä	V;ACT;PRS;PRF;NEG;IMP;NOM-3;NOM-SG	älköön olko yhtynyt
asfalttipäällysteinen	ADJ;NOM-PL	asfalttipäällysteiset
käyttötapaus	N;IN+ABL-SG	käyttötapauksesta
kiekaista	V;ACT;PRS;PRF;NEG;IMP;NOM-3;NOM-PL	älkööt olko kiekaisseet
täsmällinen	ADJ;FRML-SG	täsmällisenä
vierto	N;NOM-PL	vierrot
kiila	N;PRIV-SG	kiilatta
hautaantua	V;NFIN;ACT;IN+ALL;NOM-3	hautaantumaan
täsmällinen	ADJ;IN+ESS-SG	täsmällisessä
lisuke	N;PRIV-SG	lisukkeetta
asuurinsininen	ADJ;GEN-PL	asuurinsinisten
fraasi	N;GEN-SG	fraasin
haltioitunut	ADJ;GEN-PL	haltioituneiden
alitäyttää	V;ACT;PRS;PRF;POS;IMP;NOM-3;NOM-PL	olkoot alitäyttäneet
schwabilainen	ADJ;PRIV-SG	schwabilaisetta
alittaa	V;ACT;PRS;NEG;IND;NOM-2;NOM-SG	et alita
maijamyöhäinen	N;AT+ALL-PL	maijamyöhäisille
liftata	V;ACT;PRS;NEG;IMP;NOM-2;NOM-PL	älkää liftatko
lähentyä	V;ACT;PRS;PRF;NEG;IMP;NOM-3;NOM-PL	älkööt olko lähentyneet
häipyä	V;ACT;PRS;POS;POT;NOM-1;NOM-SG	häipynen
kinnernivel	N;AT+ALL-SG	kinnernivelelle
pahanmakuinen	ADJ;AT+ESS-SG	pahanmakuisella
matoinen	ADJ;PSS-1;PSS-SG	matoiseni
fidžintää	V;ACT;PST;PRF;POS;IND;NOM-1;NOM-SG	olin fidžintänyt
kasvishodari	N;COM-PL	kasvishodareineen
karmea	ADJ;AT+ESS-SG	karmealla
lisuke	N;PRIV-PL	lisukkeitta
tiputella	V;ACT;PRS;PRF;POS;IMP;NOM-2;NOM-SG	ole tiputellut
kasvishodari	N;NOM-SG	kasvishodari
läpäisemätön	ADJ;TRANS-PL	läpäisemättömiksi
merisiili	N;INS-PL	merisiilein
seeprakirjoahven	N;PSS-1;PSS-PL	seeprakirjoahvenemme
nukkaantumaton	ADJ;PSS-2;PSS-SG	nukkaantumattomasi
symboloida	V;ACT;PRS;NEG;IND;NOM-3;NOM-SG	ei symboloi
sitkas	ADJ;PSS-2;PSS-SG	sitkaasi
hätäleipä	N;GEN-PL	hätäleipien
ansiokas	ADJ;PSS-1;PSS-SG	ansiokkaani
napsutella	V;ACT;PST;NEG;IND;NOM-1;NOM-SG	en napsutellut
proletarisoitua	V;NFIN;ACT;PRIV;NOM-3	proletarisoitumatta
organisoitua	V;ACT;PRS;PRF;NEG;COND;NOM-3;NOM-PL	eivät olisi organisoituneet
revitellä	V;ACT;PRS;PRF;POS;COND;NOM-2;NOM-PL	olisitte revitelleet
kirkonkirous	N;GEN-PL	kirkonkirousten
lohkaista	V;NFIN;4;PASS;PRT	lohkaisemista
hygieenisin	ADJ;PRT-PL	hygieenisimpiä
liikkuvainen	ADJ;IN+ESS-SG	liikkuvaisessa
tahdoton	ADJ;PSS-1;PSS-PL	tahdottomamme
kuiduton	ADJ;IN+ALL-SG	kuiduttomaan
änkeä	V.PTCP;NEG	änkemätön
ruoste	N;AT+ESS-SG	ruosteella
anksiolyyttinen	ADJ;AT+ABL-SG	anksiolyyttiseltä
kytö	N;NOM-PL	kydöt
alkaloidi	N;COM-PL	alkaloideineen
pursuilla	V;ACT;PST;NEG;IND;NOM-2;NOM-PL	ette pursuilleet
jurous	N;TRANS-SG	juroudeksi
aterin	N;AT+ALL-SG	aterimelle
karmea	ADJ;NOM-PL	karmeat
salkopapu	N;AT+ABL-PL	salkopavuilta
säädöskokoelma	N;IN+ABL-PL	säädöskokoelmista
ripsua	V;ACT;PRS;NEG;IND;NOM-1;NOM-PL	emme ripsu
typeryys	N;INS-PL	typeryyksin
kutsuttaa	V;ACT;PST;PRF;NEG;IND;NOM-2;NOM-SG	et ollut kutsuttanut
tarhata	V;NFIN;ACT;IN+ABL;NOM-3	tarhaamasta
sapfolainen	ADJ;FRML-SG	sapfolaisena
kytätä	V;ACT;PRS;POS;COND;NOM-3;NOM-PL	kyttäisivät
teroittaa	V;ACT;PRS;PRF;NEG;COND;NOM-2;NOM-PL	ette olisi teroittaneet
assyriologinen	ADJ;AT+ESS-SG	assyriologisella
punavihreä	ADJ;ACC-SG	punavihreä
vastakkaismerkkinen	ADJ;AT+ALL-SG	vastakkaismerkkiselle
nukkaantumaton	ADJ;IN+ABL-SG	nukkaantumattomasta
ripeäliikkeinen	ADJ;PSS-1;PSS-PL	ripeäliikkeisemme
epäaktiivinen	ADJ;ACC-PL	epäaktiiviset
monologi	N;AT+ABL-SG	monologilta
informoiminen	N;NOM-SG	informoiminen
kummastuttaa	V;ACT;PRS;PRF;POS;COND;NOM-2;NOM-SG	olisit kummastuttanut
cembalo	N;PSS-2;PSS-SG	cembalosi
muuttunut	ADJ;ACC-PL	muuttuneet
fraasi	N;INS-PL	fraasein
haaveilla	V;ACT;PRS;NEG;POT;NOM-3;NOM-SG	ei haaveille
naisistua	V;ACT;PRS;PRF;POS;POT;NOM-2;NOM-PL	lienette naisistuneet
minkkiturkki	N;PSS-1;PSS-PL	minkkiturkkimme
kallistua	V;ACT;PRS;PRF;POS;COND;NOM-2;NOM-PL	olisitte kallistuneet
vaalilause	N;FRML-PL	vaalilauseina
liikkua	V;NFIN;ACT;INS;NOM-3	liikkuman
intti	N;INS-PL	intein
Raitis	N;TRANS-SG	Raittiiksi
usvainen	ADJ;NOM-SG	usvainen
auringonpaahtama	ADJ;PSS-3	auringonpaahtamansa
vitsoa	V;ACT;PRS;PRF;POS;IMP;NOM-2;NOM-SG	ole vitsonut
kuortanelainen	ADJ;PSS-2;PSS-PL	kuortanelaisenne
valkokuonovalas	N;PRIV-SG	valkokuonovalaatta
selkävikainen	ADJ;PRT-PL	selkävikaisia
keritä	V;NFIN;4;ACT;NOM	kerkiäminen
tahdoton	ADJ;ACC-PL	tahdottomat
auringonpaahtama	ADJ;NOM-PL	auringonpaahtamat
plastiikkakirurgi	N;IN+ABL-SG	plastiikkakirurgista
koruommella	V;PASS;PRS;PRF;POS;POT	lienee koruommeltu
paineastia	N;PRT-PL	paineastioita
hinku	N;NOM-PL	hingut
kriminaalinen	ADJ;FRML-SG	kriminaalisena
vankentaa	V;ACT;PRS;PRF;POS;COND;NOM-3;NOM-PL	olisivat vankentaneet
ruukku	N;ACC-SG	ruukku
voimaurheilu	N;ACC-PL	voimaurheilut
konttailla	V;ACT;PRS;NEG;COND;NOM-2;NOM-PL	ette konttailisi
suomettaa	V;ACT;PRS;PRF;POS;IND;NOM-2;NOM-SG	olet suomettanut
huikentelevainen	ADJ;TRANS-SG	huikentelevaiseksi
psykomotorinen	ADJ;TRANS-SG	psykomotoriseksi
merkittävä	ADJ;IN+ALL-SG	merkittävään
säilyte	N;ACC-SG	säilyte
syntesoitua	V;ACT;PRS;POS;POT;NOM-3;NOM-PL	syntesoitunevat
alitäyttää	V;NFIN;ACT;INS;NOM-2	alitäyttäen
närvänä	N;ACC-PL	närvänät
pyton	N;PRIV-SG	pytonitta
maijamyöhäinen	N;AT+ESS-SG	maijamyöhäisellä
alkaloidi	N;IN+ABL-PL	alkaloideista
kaksimerkityksinen	ADJ;IN+ESS-SG	kaksimerkityksisessä
kovakoodata	V;ACT;PRS;PRF;NEG;COND;NOM-3;NOM-PL	eivät olisi kovakoodanneet
närästää	V;ACT;PRS;PRF;POS;IMP;NOM-3;NOM-PL	olkoot närästäneet
vaahtomainen	ADJ;GEN-SG	vaahtomaisen
jaella	V;ACT;PRS;PRF;POS;IND;NOM-2;NOM-SG	olet jaellut
oppivelvollisuus	N;PRIV-SG	oppivelvollisuudetta
ristikuva	N;INS-PL	ristikuvin
kummastuttaa	V;PASS;PST;PRF;POS;IND	oli kummastutettu
luonteenomainen	ADJ;PSS-2;PSS-PL	luonteenomaisenne
herkistävä	ADJ;TRANS-PL	herkistäviksi
pleonastinen	ADJ;AT+ESS-PL	pleonastisilla
työteliäs	ADJ;GEN-SG	työteliään
trimmata	V;PASS;PRS;PRF;NEG;POT	ei liene trimmattu
stout	N;NOM-SG	stout
totisempi	ADJ;PSS-1;PSS-PL	totisempamme
laahautua	V;ACT;PST;PRF;POS;IND;NOM-2;NOM-PL	olitte laahautuneet
etummainen	ADJ;AT+ALL-SG	etummaiselle
baraali	N;IN+ABL-PL	baraaleista
haluttu	ADJ;FRML-PL	haluttuina
isohko	ADJ;AT+ESS-PL	isohkoilla
kavala	ADJ;NOM-SG	kavala
kastella	V;ACT;PST;POS;IND;NOM-1;NOM-PL	kastelimme
tunnistaja	N;GEN-PL	tunnistajien
kummastuttaa	V;PASS;PST;POS;IND	kummastutettiin
luopua	V;PASS;PRS;POS;COND	luovuttaisiin
omnipresentti	ADJ;IN+ABL-SG	omnipresentistä
yhtyä	V;ACT;PRS;PRF;POS;POT;NOM-2;NOM-SG	lienet yhtynyt
säädöskokoelma	N;AT+ALL-PL	säädöskokoelmille
pihdata	V;ACT;PRS;NEG;POT;NOM-1;NOM-SG	en pihdanne
oppivelvollisuus	N;IN+ESS-SG	oppivelvollisuudessa
opponentti	N;IN+ESS-PL	opponenteissa
hätäleipä	N;AT+ESS-SG	hätäleivällä
menetellä	V;ACT;PST;NEG;IND;NOM-2;NOM-PL	ette menetelleet
laahautua	V;PASS;PRS;PRF;POS;POT	lienee laahauduttu
yönsininen	ADJ;TRANS-SG	yönsiniseksi
sukia	V;ACT;PRS;POS;IND;NOM-2;NOM-PL	suitte
jaella	V;ACT;PST;NEG;IND;NOM-3;NOM-SG	ei jaellut
vedenvihreä	ADJ;PRT-SG	vedenvihreää
täsmällinen	ADJ;NOM-SG	täsmällinen
huikentelevainen	ADJ;PSS-2;PSS-SG	huikentelevaisesi
nukkaantumaton	ADJ;ACC-SG	nukkaantumaton
autereinen	ADJ;PRIV-PL	autereisitta
rakas	ADJ;FRML-SG	rakkaana
gemmologinen	ADJ;AT+ESS-PL	gemmologisilla
pleonastinen	ADJ;PSS-1;PSS-SG	pleonastiseni
juurakkoinen	ADJ;IN+ALL-SG	juurakkoiseen
informoiminen	N;AT+ALL-PL	informoimisille
opponentti	N;PSS-2;PSS-SG	opponenttisi
hätäleipä	N;NOM-SG	hätäleipä
vinyyli	N;INS-PL	vinyylein
plastiikkakirurgi	N;IN+ALL-PL	plastiikkakirurgeihin
haaveilla	V;ACT;PRS;PRF;NEG;IND;NOM-3;NOM-SG	ei ole haaveillut
valtaistuin	N;ACC-PL	valtaistuimet
täsmällinen	ADJ;ACC-PL	täsmälliset
kytätä	V;NFIN;5;ACT	kyttäämäisillään
vaalilause	N;TRANS-SG	vaalilauseeksi
haljeta	V;ACT;PRS;PRF;POS;IMP;NOM-3;NOM-PL	olkoot haljenneet
luopua	V.PTCP;NEG	luopumaton
perhostella	V.PTCP;NEG	perhostelematon
merkittävä	ADJ;AT+ESS-SG	merkittävällä
vaalilause	N;ACC-PL	vaalilauseet
trimmata	V;PASS;PRS;POS;IMP	trimmattakoon
hätäleipä	N;IN+ABL-PL	hätäleivistä
selkälokki	N;PRT-SG	selkälokkia
maastokelpoinen	ADJ;NOM-PL	maastokelpoiset
hygieenisin	ADJ;AT+ESS-PL	hygieenisimmillä
brasilialainen	ADJ;PRT-SG	brasilialaista
merkittävä	ADJ;GEN-PL	merkittävien
aineistokoe	N;PRIV-SG	aineistokokeetta
hautaantua	V;PASS;PRS;PRF;NEG;COND	ei olisi hautaannuttu
reilata	V;ACT;PRS;PRF;POS;IND;NOM-3;NOM-SG	on reilannut
hätäleipä	N;PSS-2;PSS-PL	hätäleipänne
baraali	N;AT+ALL-SG	baraalille
kirkonkirous	N;AT+ESS-SG	kirkonkirouksella
lankata	V;NFIN;ACT;PRIV;NOM-3	lankkaamatta
vinyyli	N;AT+ABL-SG	vinyyliltä
revitellä	V;ACT;PRS;PRF;POS;COND;NOM-2;NOM-SG	olisit revitellyt
karstasammal	N;PRT-SG	karstasammalta
ideografinen	ADJ;AT+ALL-SG	ideografiselle
sapfolainen	ADJ;GEN-SG	sapfolaisen
kasvishodari	N;AT+ESS-SG	kasvishodarilla
laonkielinen	ADJ;TRANS-PL	laonkielisiksi
kallistua	V;PASS;PRS;PRF;NEG;POT	ei liene kallistuttu
huijata	V;PASS;PRS;PRF;POS;POT	lienee huijattu
ryöpyttää	V;ACT;PRS;POS;POT;NOM-2;NOM-PL	ryöpyttänette
plastiikkakirurgi	N;INS-PL	plastiikkakirurgein
tykky	ADJ;GEN-PL	tykkyjen
merisiili	N;FRML-SG	merisiilinä
tärisyttää	V;PASS;PST;PRF;NEG;IND	ei ollut tärisytetty
liikkuvainen	ADJ;IN+ESS-PL	liikkuvaisissa
sivumyötäinen	ADJ;PSS-3	sivumyötäisensä
neitobegonia	N;AT+ALL-PL	neitobegonioille
hipoa	V;ACT;PRS;PRF;NEG;COND;NOM-1;NOM-PL	emme olisi hiponeet
ksenofilia	N;IN+ALL-SG	ksenofiliaan
avulta	N;AT+ABL(SG;PSS-1;PSS-SG	avultani
asfalttipäällysteinen	ADJ;AT+ESS-PL	asfalttipäällysteisillä
afrikannorsu	N;IN+ESS-SG	afrikannorsussa
vähittäinen	ADJ;AT+ESS-SG	vähittäisellä
norja	ADJ;PSS-1;PSS-PL	norjamme
sanatarkka	ADJ;PRIV-SG	sanatarkatta
puhkaista	V;NFIN;4;ACT;NOM	puhkaiseminen
narkkari	N;IN+ABL-PL	narkkareista
puukkoseppä	N;FRML-SG	puukkoseppänä
eriuskoinen	ADJ;PRIV-SG	eriuskoisetta
esitumallinen	N;IN+ABL-SG	esitumallisesta
nesessiivinen	ADJ;TRANS-PL	nesessiivisiksi
ylpeillä	V;ACT;PRS;POS;POT;NOM-2;NOM-SG	ylpeillet
seitsenhenkinen	ADJ;IN+ALL-SG	seitsenhenkiseen
hämmästyä	V;ACT;PRS;PRF;POS;IMP;NOM-1;NOM-PL	olkaamme hämmästyneet
liftata	V;ACT;PRS;POS;POT;NOM-2;NOM-SG	liftannet
kuolla	V;ACT;PRS;NEG;POT;NOM-3;NOM-SG	ei kuolle
sima	N;PRT-PL	simoja
passiivi	N;FRML-PL	passiiveina
loksua	V;ACT;PRS;POS;IMP;NOM-2;NOM-PL	loksukaa
kimalaiskuoriainen	N;AT+ESS-SG	kimalaiskuoriaisella
turhantärkeä	ADJ;NOM-SG	turhantärkeä
ksenofilia	N;NOM-PL	ksenofiliat
muuttunut	ADJ;NOM-SG	muuttunut
koruommella	V;ACT;PRS;NEG;IMP;NOM-3;NOM-PL	älkööt koruommelko
liekittää	V.PTCP;AG	liekittämä
peilaus	N;AT+ESS-SG	peilauksella
haljeta	V;ACT;PRS;NEG;IND;NOM-1;NOM-SG	en halkea
maatalouspoliittinen	ADJ;PSS-2;PSS-SG	maatalouspoliittisesi
hauskuuttaminen	N;IN+ESS-PL	hauskuuttamisissa
salolainen	ADJ;IN+ESS-PL	salolaisissa
hautaantua	V;ACT;PRS;POS;COND;NOM-3;NOM-SG	hautaantuisi
vastaiskumoottori	N;FRML-PL	vastaiskumoottoreina
oppivelvollisuus	N;INS-PL	oppivelvollisuuksin
käskettää	V;ACT;PRS;NEG;IMP;NOM-3;NOM-PL	älkööt käskettäkö
puhkaista	V;ACT;PRS;NEG;POT;NOM-2;NOM-SG	et puhkaisse
muuttunut	ADJ;COM-PL	muuttuneine
baraali	N;PSS-2;PSS-PL	baraalinne
närästää	V;ACT;PRS;POS;POT;NOM-3;NOM-SG	närästänee
kirjallisuushistoriallinen	ADJ;NOM-PL	kirjallisuushistorialliset
nesessiivinen	ADJ;IN+ESS-PL	nesessiivisissä
vedenvihreä	ADJ;AT+ESS-PL	vedenvihreillä
muodikas	ADJ;PRT-SG	muodikasta
leveälahkeinen	ADJ;PRIV-SG	leveälahkeisetta
onteloinen	ADJ;PRIV-PL	onteloisitta
hipoa	V;NFIN;PASS;IN+ESS;NOM-2	hivottaessa
typeryys	N;AT+ESS-SG	typeryydellä
vähimmäismäärä	N;PSS-2;PSS-SG	vähimmäismääräsi
hekstaagi	N;FRML-PL	hekstaageina
leveälahkeinen	ADJ;FRML-PL	leveälahkeisina
kutsuttaa	V;ACT;PRS;PRF;POS;IMP;NOM-1;NOM-PL	olkaamme kutsuttaneet
ankeriaskala	N;PSS-1;PSS-PL	ankeriaskalamme
lehtonurmikka	N;IN+ABL-SG	lehtonurmikasta
pyton	N;IN+ABL-SG	pytonista
frakki	N;IN+ALL-SG	frakkiin
fraasi	N;PRIV-SG	fraasitta
haaskalintu	N;GEN-PL	haaskalintujen
afrikannorsu	N;AT+ESS-SG	afrikannorsulla
menetellä	V;ACT;PRS;POS;IND;NOM-2;NOM-SG	menettelet
pedata	V;ACT;PRS;POS;IND;NOM-1;NOM-SG	petaan
suunnitelmallisin	ADJ;AT+ALL-PL	suunnitelmallisimmille
sima	N;PRIV-SG	simatta
kaihdella	V;NFIN;ACT;NOM-1	kaihdellakseen
syöksyillä	V;ACT;PRS;POS;IND;NOM-1;NOM-SG	syöksyilen
närästää	V;ACT;PST;POS;IND;NOM-2;NOM-PL	närästitte
haaveilla	V;ACT;PRS;PRF;POS;POT;NOM-3;NOM-PL	lienevät haaveilleet
tahdoton	ADJ;COM-PL	tahdottomine
kertymä	N;PSS-2;PSS-SG	kertymäsi
kiihkokansallinen	ADJ;TRANS-SG	kiihkokansalliseksi
jytistä	V;PASS;PRS;POS;IND	jytistään
jelpata	V;ACT;PST;PRF;POS;IND;NOM-1;NOM-SG	olin jelpannut
norja	ADJ;IN+ALL-SG	norjaan
muskottikukka	N;IN+ABL-SG	muskottikukasta
huono-osainen	ADJ;INS-PL	huono-osaisin
tanttamainen	ADJ;GEN-SG	tanttamaisen
ylpeillä	V;ACT;PST;POS;IND;NOM-1;NOM-SG	ylpeilin
merioikeudellinen	ADJ;TRANS-PL	merioikeudellisiksi
informoiminen	N;TRANS-PL	informoimisiksi
ksenofilia	N;ACC-PL	ksenofiliat
jelpata	V;PASS;PRS;PRF;NEG;IMP	älköön olko jelpattu
tyräkkikirppa	N;ACC-PL	tyräkkikirpat
assyriologinen	ADJ;TRANS-SG	assyriologiseksi
nesessiivinen	ADJ;AT+ABL-SG	nesessiiviseltä
uida	V;NFIN;ACT;IN+ABL;NOM-3	uimasta
kriminaalinen	ADJ;AT+ALL-PL	kriminaalisille
kiihkokansallinen	ADJ;ACC-PL	kiihkokansalliset
monologi	N;COM-PL	monologeineen
ruoste	N;PSS-2;PSS-PL	ruosteenne
tulosperusteinen	ADJ;TRANS-SG	tulosperusteiseksi
kallistua	V;ACT;PRS;POS;IMP;NOM-2;NOM-SG	kallistu
delata	V;ACT;PST;NEG;IND;NOM-3;NOM-PL	eivät delanneet
liekittää	V;ACT;PRS;PRF;POS;POT;NOM-3;NOM-PL	lienevät liekittäneet
liikkuvainen	ADJ;ACC-PL	liikkuvaiset
esitumallinen	N;INS-PL	esitumallisin
salkopapu	N;PRIV-SG	salkopavutta
runnella	V;ACT;PRS;PRF;NEG;COND;NOM-1;NOM-PL	emme olisi runnelleet
tärisyttää	V;ACT;PRS;POS;POT;NOM-2;NOM-PL	tärisyttänette
liftata	V;ACT;PRS;PRF;NEG;POT;NOM-2;NOM-PL	ette liene liftanneet
turhantärkeä	ADJ;IN+ALL-SG	turhantärkeään
räsähdellä	V;ACT;PRS;NEG;IND;NOM-1;NOM-SG	en räsähtele
tunnistaja	N;COM-PL	tunnistajineen
schwabilainen	ADJ;PSS-3	schwabilaisensa
afrikannorsu	N;PSS-1;PSS-PL	afrikannorsumme
punavihreä	ADJ;IN+ALL-SG	punavihreään
oppivelvollisuus	N;IN+ABL-SG	oppivelvollisuudesta
lohkaista	V;ACT;PRS;PRF;POS;IMP;NOM-3;NOM-PL	olkoot lohkaisseet
streikata	V;ACT;PRS;PRF;POS;COND;NOM-1;NOM-PL	olisimme streikanneet
antelias	ADJ;COM-PL	anteliaine
remeli	N;NOM-SG	remeli
valkokuonovalas	N;PSS-2;PSS-SG	valkokuonovalaasi
alkaloidi	N;PSS-2;PSS-PL	alkaloidinne
eriuskoinen	ADJ;GEN-PL	eriuskoisten
partainen	ADJ;PSS-1;PSS-PL	partaisemme
vedenvihreä	ADJ;PSS-1;PSS-SG	vedenvihreäni
japani	N;PRT-SG	japania
voltata	V;ACT;PRS;POS;COND;NOM-2;NOM-SG	volttaisit
informoiminen	N;AT+ESS-SG	informoimisella
japani	N;PSS-2;PSS-SG	japanisi
loksua	V;ACT;PRS;POS;POT;NOM-1;NOM-PL	loksunemme
maastokelpoinen	ADJ;IN+ALL-PL	maastokelpoisiin
pursuilla	V;NFIN;ACT;IN+ABL;NOM-3	pursuilemasta
vaahtomainen	ADJ;PSS-1;PSS-SG	vaahtomaiseni
pyhä	ADJ;TRANS-PL	pyhiksi
kertymä	N;AT+ESS-SG	kertymällä
hauskuuttaminen	N;IN+ABL-SG	hauskuuttamisesta
laaduton	ADJ;PSS-3	laaduttomansa
streikata	V;ACT;PRS;PRF;POS;IND;NOM-3;NOM-SG	on streikannut
Raitis	N;GEN-PL	Raittiiden
kiekaista	V;ACT;PST;NEG;IND;NOM-3;NOM-SG	ei kiekaissut
tiskata	V;ACT;PRS;PRF;POS;IMP;NOM-3;NOM-SG	olkoon tiskannut
nesessiivinen	ADJ;PSS-2;PSS-SG	nesessiivisesi
syntesoitua	V;NFIN;ACT;NOM-1	syntesoituakseen
rämähtää	V;ACT;PRS;PRF;NEG;IMP;NOM-2;NOM-PL	älkää olko rämähtäneet
kytö	N;TRANS-SG	kydöksi
lankata	V;ACT;PRS;NEG;COND;NOM-1;NOM-SG	en lankkaisi
narkkari	N;AT+ALL-PL	narkkareille
suuttua	V;ACT;PRS;POS;COND;NOM-2;NOM-SG	suuttuisit
solkata	V;ACT;PRS;NEG;IMP;NOM-1;NOM-PL	älkäämme solkatko
kytö	N;IN+ABL-SG	kydöstä
rehahtaa	V;NFIN;ACT;IN+ESS;NOM-2	rehahtaessa
ontua	V;ACT;PRS;PRF;NEG;IND;NOM-2;NOM-SG	et ole ontunut
usvainen	ADJ;IN+ABL-PL	usvaisista
löyhähdellä	V;ACT;PRS;PRF;NEG;IND;NOM-3;NOM-PL	eivät ole löyhähdelleet
kutsuttaa	V.PTCP;ACT;PST	kutsuttanut
delata	V;ACT;PRS;PRF;NEG;IND;NOM-1;NOM-SG	en ole delannut
frakki	N;AT+ABL-PL	frakeilta
tallaantua	V;NFIN;ACT;NOM-1	tallaantuakseen
pihdata	V;ACT;PRS;PRF;POS;IND;NOM-3;NOM-SG	on pihdannut
karmea	ADJ;AT+ALL-PL	karmeille
tallaantua	V;NFIN;ACT;IN+ALL;NOM-3	tallaantumaan
krepata	V;ACT;PRS;NEG;POT;NOM-3;NOM-SG	ei krepanne
napsutella	V;ACT;PRS;PRF;POS;IMP;NOM-3;NOM-SG	olkoon napsutellut
monologi	N;AT+ALL-SG	monologille
monologi	N;NOM-PL	monologit
uida	V;ACT;PRS;PRF;NEG;POT;NOM-3;NOM-SG	ei liene uinut
pilkkoa	V;ACT;PRS;PRF;POS;COND;NOM-3;NOM-PL	olisivat pilkkoneet
karttakaavio	N;PRIV-SG	karttakaaviotta
sieppo	N;AT+ALL-PL	siepoille
vähimmäismäärä	N;ACC-SG	vähimmäismäärä
haluttu	ADJ;IN+ALL-SG	haluttuun
individualisoida	V;ACT;PRS;NEG;IMP;NOM-3;NOM-SG	älköön individualisoiko
änkeä	V;ACT;PRS;PRF;NEG;COND;NOM-1;NOM-SG	en olisi änkenyt
tanttamainen	ADJ;AT+ALL-PL	tanttamaisille
valtaistuin	N;FRML-SG	valtaistuimena
pizzeria	N;PSS-2;PSS-PL	pizzerianne
ketjuuntua	V;NFIN;ACT;INS;NOM-2	ketjuuntuen
kaita	V;NFIN;ACT;IN+ESS;NOM-3	kaitsemassa
liftata	V;ACT;PST;PRF;NEG;IND;NOM-3;NOM-SG	ei ollut liftannut
ripsua	V;ACT;PRS;NEG;IND;NOM-1;NOM-SG	en ripsu
valkokuonovalas	N;AT+ALL-SG	valkokuonovalaalle
eettinen	ADJ;PSS-2;PSS-PL	eettisenne
suuttua	V;ACT;PRS;POS;COND;NOM-2;NOM-PL	suuttuisitte
paljastava	ADJ;GEN-SG	paljastavan
pornografinen	ADJ;AT+ALL-PL	pornografisille
tanttamainen	ADJ;PSS-2;PSS-PL	tanttamaisenne
karttakaavio	N;IN+ESS-PL	karttakaavioissa
baraali	N;INS-PL	baraalein
teroittaa	V;ACT;PRS;PRF;POS;IND;NOM-2;NOM-PL	olette teroittaneet
hautaantua	V;ACT;PRS;NEG;POT;NOM-3;NOM-SG	ei hautaantune
lisuke	N;NOM-SG	lisuke
hipoa	V;PASS;PRS;POS;IND	hivotaan
luopua	V;ACT;PRS;PRF;POS;IMP;NOM-2;NOM-PL	olkaa luopuneet
haltioitunut	ADJ;INS-PL	haltioitunein
japaninserovi	N;FRML-PL	japaninseroveina
haljeta	V;ACT;PRS;PRF;POS;POT;NOM-3;NOM-SG	lienee haljennut
salattu	ADJ;PRIV-PL	salatuitta
laonkielinen	ADJ;PRT-PL	laonkielisiä
polarisoitua	V;ACT;PRS;NEG;IMP;NOM-2;NOM-SG	älä polarisoidu
ruukku	N;ACC-PL	ruukut
pursuilla	V;ACT;PRS;PRF;POS;POT;NOM-1;NOM-SG	lienen pursuillut
karttakaavio	N;IN+ALL-SG	karttakaavioon
närvänä	N;AT+ABL-PL	närvänöiltä
rämähtää	V;ACT;PRS;POS;POT;NOM-1;NOM-PL	rämähtänemme
suka	N;PSS-1;PSS-PL	sukamme
kummastuttaa	V;ACT;PRS;PRF;NEG;COND;NOM-1;NOM-SG	en olisi kummastuttanut
ilmoitusasia	N;IN+ABL-PL	ilmoitusasioista
runnella	V;PASS;PRS;PRF;NEG;POT	ei liene runneltu
yhtyä	V;ACT;PST;PRF;POS;IND;NOM-3;NOM-PL	olivat yhtyneet
trimmata	V;NFIN;5;PASS	trimmaamaisillaan
rastaletti	N;GEN-SG	rastaletin
ilmeetön	ADJ;PRIV-SG	ilmeettömättä
merkittävä	ADJ;AT+ESS-PL	merkittävillä
maastokelpoinen	ADJ;TRANS-PL	maastokelpoisiksi
liftari	N;AT+ESS-PL	liftareilla
plastiikkakirurgi	N;TRANS-PL	plastiikkakirurgeiksi
useanlainen	ADJ;PRT-SG	useanlaista
Groznyi	N;PSS-1;PSS-SG	Groznyini
tiskata	V;ACT;PRS;POS;IND;NOM-3;NOM-PL	tiskaavat
rämähtää	V;ACT;PST;NEG;IND;NOM-1;NOM-PL	emme rämähtäneet
vedenvihreä	ADJ;AT+ESS-SG	vedenvihreällä
anksiolyyttinen	ADJ;AT+ESS-SG	anksiolyyttisellä
assyriologinen	ADJ;FRML-SG	assyriologisena
lasitaide	N;IN+ABL-SG	lasitaiteesta
luodata	V.PTCP;AG	luotaama
kriminaalinen	ADJ;PSS-2;PSS-SG	kriminaalisesi
kertymä	N;PRIV-PL	kertymittä
makrotaloudellinen	ADJ;FRML-SG	makrotaloudellisena
jytistä	V;ACT;PRS;POS;POT;NOM-2;NOM-PL	jytissette
tykky	ADJ;ACC-PL	tykyt
kovakoodata	V.PTCP;PASS;PST	kovakoodattu
lättänä	ADJ;AT+ABL-SG	lättänältä
napsutella	V;ACT;PRS;NEG;IMP;NOM-1;NOM-PL	älkäämme napsutelko
viljelty	ADJ;IN+ALL-PL	viljeltyihin
liftata	V;PASS;PRS;POS;COND	liftattaisiin
salkopapu	N;IN+ESS-PL	salkopavuissa
kasvishodari	N;INS-PL	kasvishodarein
typeryys	N;TRANS-PL	typeryyksiksi
paviaani	N;ACC-SG	paviaani
sulkasato	N;INS-PL	sulkasadoin
repliikki	N;PRT-PL	repliikkejä
imettää	V;ACT;PRS;NEG;COND;NOM-2;NOM-SG	et imettäisi
kuiduton	ADJ;IN+ABL-PL	kuiduttomista
valkokuonovalas	N;PSS-2;PSS-PL	valkokuonovalaanne
polarisoitua	V;ACT;PRS;PRF;NEG;POT;NOM-3;NOM-PL	eivät liene polarisoituneet
krepata	V;NFIN;ACT;NOM-1	krepatakseen
maistella	V;PASS;PRS;PRF;POS;IMP	olkoon maisteltu
hygieenisin	ADJ;IN+ABL-PL	hygieenisimmistä
antelias	ADJ;AT+ALL-PL	anteliaille
valkokuonovalas	N;AT+ABL-PL	valkokuonovalailta
ainutkertainen	ADJ;GEN-SG	ainutkertaisen
typeryys	N;PSS-2;PSS-SG	typeryytesi
jalkaväkimiina	N;GEN-PL	jalkaväkimiinojen
haaskalintu	N;IN+ABL-SG	haaskalinnusta
syntesoitua	V;ACT;PST;NEG;IND;NOM-1;NOM-PL	emme syntesoituneet
pilves	N;PRIV-PL	pilveksittä
vankentaa	V;ACT;PRS;NEG;POT;NOM-2;NOM-PL	ette vankentane
napsutella	V;ACT;PRS;NEG;POT;NOM-2;NOM-SG	et napsutelle
rähättää	V;ACT;PRS;PRF;POS;POT;NOM-3;NOM-SG	lienee rähättänyt
säihkyä	V;ACT;PRS;PRF;NEG;IND;NOM-1;NOM-PL	emme ole säihkyneet
passiivi	N;TRANS-SG	passiiviksi
tiskata	V;ACT;PRS;PRF;NEG;COND;NOM-3;NOM-SG	ei olisi tiskannut
nuokahtaa	V;PASS;PST;PRF;POS;IND	oli nuokahdettu
-aistinen	ADJ;IN+ABL-SG	-aistisesta
individualisoida	V;ACT;PRS;PRF;NEG;POT;NOM-2;NOM-PL	ette liene individualisoineet
saarijärvinen	ADJ;PSS-3	saarijärvisensä
sanatarkka	ADJ;IN+ESS-PL	sanatarkoissa
parafoida	V;NFIN;5;PASS	parafoimaisillaan
muskottikukka	N;ACC-PL	muskottikukat
tunnontarkka	ADJ;AT+ABL-SG	tunnontarkalta
puukkoseppä	N;PSS-2;PSS-PL	puukkoseppänne
oppivelvollisuus	N;TRANS-PL	oppivelvollisuuksiksi
valtaistuin	N;IN+ABL-PL	valtaistuimista
suomettaa	V;ACT;PRS;PRF;POS;IMP;NOM-3;NOM-SG	olkoon suomettanut
hässiä	V;ACT;PRS;PRF;POS;COND;NOM-2;NOM-SG	olisit hässinyt
plastiikkakirurgi	N;AT+ABL-PL	plastiikkakirurgeilta
polarisoitua	V;ACT;PRS;NEG;IND;NOM-1;NOM-SG	en polarisoidu
krepata	V;ACT;PRS;POS;COND;NOM-1;NOM-PL	kreppaisimme
upporikas	ADJ;AT+ESS-SG	upporikkaalla
Groznyi	N;PRT-SG	Groznyiä
maastokelpoinen	ADJ;PSS-3	maastokelpoisensa
yhdeksänkertaistua	V;ACT;PRS;PRF;NEG;COND;NOM-3;NOM-PL	eivät olisi yhdeksänkertaistuneet
tallaantua	V;ACT;PRS;PRF;NEG;POT;NOM-3;NOM-SG	ei liene tallaantunut
koruommella	V.PTCP;NEG	koruompelematon
servetti	N;AT+ALL-SG	servetille
yhtyä	V;PASS;PRS;PRF;NEG;POT	ei liene yhdytty
tarkoituksenmukaistua	V.PTCP;NEG	tarkoituksenmukaistumaton
rastaletti	N;PSS-1;PSS-SG	rastalettini
muskottikukka	N;FRML-PL	muskottikukkina
keritä	V;ACT;PRS;NEG;COND;NOM-3;NOM-PL	eivät kerkiäisi
sanatarkka	ADJ;GEN-SG	sanatarkan
toistuva	ADJ;PSS-1;PSS-SG	toistuvani
kortittaa	V;ACT;PRS;NEG;COND;NOM-1;NOM-PL	emme kortittaisi
pedata	V;ACT;PRS;POS;POT;NOM-3;NOM-PL	pedannevat
tihentyä	V;PASS;PRS;NEG;IMP	älköön tihennyttäkö
Groznyi	N;GEN-SG	Groznyin
psykomotorinen	ADJ;IN+ABL-SG	psykomotorisesta
vedenvihreä	ADJ;IN+ABL-PL	vedenvihreistä
ripeäliikkeinen	ADJ;IN+ESS-SG	ripeäliikkeisessä
päättäväinen	ADJ;IN+ALL-SG	päättäväiseen
ontologinen	ADJ;PRT-SG	ontologista
etuvaihtaja	N;NOM-SG	etuvaihtaja
suomettaa	V;NFIN;PASS;IN+ESS;NOM-2	suometettaessa
liekittää	V;NFIN;PASS;NOM-1	liekittääkseen
menetellä	V;ACT;PRS;POS;POT;NOM-1;NOM-PL	menetellemme
anksiolyyttinen	ADJ;ACC-SG	anksiolyyttinen
rakas	ADJ;INS-PL	rakkain
kaksimerkityksinen	ADJ;AT+ABL-PL	kaksimerkityksisiltä
lämmetä	V;ACT;PRS;PRF;POS;IMP;NOM-3;NOM-SG	olkoon lämmennyt
gemmologinen	ADJ;FRML-PL	gemmologisina
äkätä	V;PASS;PRS;NEG;POT	ei äkättäne
afrikannorsu	N;FRML-SG	afrikannorsuna
parafoida	V;ACT;PRS;POS;IMP;NOM-2;NOM-PL	parafoikaa
luonnollisin	ADJ;PRIV-PL	luonnollisimmitta
rehahtaa	V;ACT;PRS;POS;COND;NOM-2;NOM-SG	rehahtaisit
murehduttaa	V;ACT;PRS;PRF;NEG;IMP;NOM-3;NOM-PL	älkööt olko murehduttaneet
jälkituleentua	V;ACT;PRS;PRF;POS;IMP;NOM-2;NOM-SG	ole jälkituleentunut
servetti	N;IN+ALL-PL	servetteihin
loksua	V;ACT;PRS;PRF;NEG;POT;NOM-1;NOM-SG	en liene loksunut
kavala	ADJ;NOM-PL	kavalat
sikspäkki	N;PRIV-PL	sikspäkeittä
tahdoton	ADJ;TRANS-PL	tahdottomiksi
brasilialainen	ADJ;IN+ESS-PL	brasilialaisissa
lämmetä	V;NFIN;ACT;NOM-1	lämmetäkseen
tahdoton	ADJ;PSS-3	tahdottomansa
hinku	N;FRML-SG	hinkuna
rikostutkija	N;IN+ALL-PL	rikostutkijoihin
fidžintää	V;PASS;PRS;PRF;NEG;IND	ei ole fidžinnetty
partainen	ADJ;TRANS-PL	partaisiksi
etuvaihtaja	N;AT+ALL-SG	etuvaihtajalle
saippuapuu	N;ACC-SG	saippuapuu
ankeriaskala	N;IN+ALL-PL	ankeriaskaloihin
karttakaavio	N;AT+ABL-PL	karttakaavioilta
säädöskokoelma	N;PSS-3	säädöskokoelmansa
karstasammal	N;INS-PL	karstasammalin
hekstaagi	N;PSS-1;PSS-SG	hekstaagini
pyton	N;IN+ESS-PL	pytoneissa
löyhähdellä	V;ACT;PST;PRF;POS;IND;NOM-3;NOM-PL	olivat löyhähdelleet
äkätä	V;ACT;PST;POS;IND;NOM-1;NOM-PL	äkkäsimme
murehduttaa	V;PASS;PRS;NEG;IND	ei murehduteta
kuiduton	ADJ;GEN-SG	kuiduttoman
tiskata	V;ACT;PRS;NEG;COND;NOM-3;NOM-SG	ei tiskaisi
ksenofilia	N;IN+ESS-SG	ksenofiliassa
laguuni	N;FRML-SG	laguunina
onteloinen	ADJ;IN+ABL-SG	onteloisesta
lähentyä	V;ACT;PRS;PRF;POS;POT;NOM-1;NOM-SG	lienen lähentynyt
fidžintää	V;ACT;PRS;PRF;NEG;COND;NOM-3;NOM-SG	ei olisi fidžintänyt
haaskalintu	N;AT+ESS-PL	haaskalinnuilla
tepsiä	V;PASS;PRS;PRF;POS;POT	lienee tepsitty
pihdata	V;ACT;PRS;NEG;POT;NOM-2;NOM-PL	ette pihdanne
sima	N;AT+ESS-SG	simalla
tallaantua	V;NFIN;4;PASS;NOM	tallaantuminen
upporikas	ADJ;PRIV-PL	upporikkaitta
edustajuus	N;FRML-PL	edustajuuksina
kasvishodari	N;PSS-2;PSS-SG	kasvishodarisi
minkkiturkki	N;AT+ABL-PL	minkkiturkeilta
upokas	N;PSS-2;PSS-PL	upokkaanne
lähentyä	V;PASS;PRS;POS;IND	lähennytään
passiivi	N;FRML-SG	passiivina
äänneoppi	N;IN+ESS-PL	äänneopeissa
laaduton	ADJ;ACC-PL	laaduttomat
pukahtaa	V;ACT;PST;NEG;IND;NOM-3;NOM-SG	ei pukahtanut
usvainen	ADJ;PSS-2;PSS-SG	usvaisesi
pyhä	ADJ;ACC-SG	pyhä
kertymä	N;GEN-SG	kertymän
stout	N;AT+ABL-SG	stoutilta
loksua	V;ACT;PRS;PRF;POS;IMP;NOM-2;NOM-PL	olkaa loksuneet
ohjauskykyinen	ADJ;INS-PL	ohjauskykyisin
kuulla	V;NFIN;PASS;NOM-1	kuullakseen
lohkaista	V;PASS;PRS;PRF;POS;COND	olisi lohkaistu
äänneoppi	N;PRT-SG	äänneoppia
lehtonurmikka	N;PRT-PL	lehtonurmikoita
assyriologinen	ADJ;AT+ALL-SG	assyriologiselle
pyton	N;PSS-3	pytoninsa
nesessiivinen	ADJ;IN+ABL-SG	nesessiivisestä
ruoste	N;GEN-SG	ruosteen
liftari	N;FRML-SG	liftarina
kolkutella	V;ACT;PRS;POS;POT;NOM-3;NOM-SG	kolkutellee
frakki	N;PRIV-PL	frakeitta
kastella	V.PTCP;PASS;PRS	kasteltava
vedenvihreä	ADJ;FRML-PL	vedenvihreinä
saippuapuu	N;PRIV-PL	saippuapuitta
verenvuoto	N;PRT-SG	verenvuotoa
jytistä	V;ACT;PRS;NEG;IMP;NOM-3;NOM-PL	älkööt jytiskö
änkeä	V;ACT;PRS;PRF;NEG;IND;NOM-1;NOM-SG	en ole änkenyt
luonnikas	ADJ;ACC-PL	luonnikkaat
selkävammainen	ADJ;PRT-SG	selkävammaista
tiputella	V;ACT;PRS;NEG;IMP;NOM-3;NOM-SG	älköön tiputelko
karstata	V.PTCP;PASS;PST	karstattu
japani	N;TRANS-SG	japaniksi
japani	N;IN+ESS-SG	japanissa
räsähdellä	V;PASS;PRS;PRF;POS;POT	lienee räsähdelty
peilaus	N;PRIV-PL	peilauksitta
naisistua	V;ACT;PRS;POS;COND;NOM-2;NOM-SG	naisistuisit
pyhä	ADJ;PRT-PL	pyhiä
laonkielinen	ADJ;GEN-PL	laonkielisten
ideografinen	ADJ;FRML-SG	ideografisena
kriminaalinen	ADJ;NOM-PL	kriminaaliset
muskottikukka	N;GEN-SG	muskottikukan
etuvaihtaja	N;TRANS-SG	etuvaihtajaksi
huono-osainen	ADJ;COM-PL	huono-osaisine
käskettää	V;ACT;PRS;POS;IMP;NOM-2;NOM-PL	käskettäkää
pursuilla	V;ACT;PRS;PRF;POS;IMP;NOM-3;NOM-PL	olkoot pursuilleet
nukkaantumaton	ADJ;IN+ALL-SG	nukkaantumattomaan
hipoa	V;ACT;PRS;POS;COND;NOM-3;NOM-PL	hipoisivat
kirjallisuushistoriallinen	ADJ;INS-PL	kirjallisuushistoriallisin
brasilialainen	ADJ;AT+ESS-SG	brasilialaisella
elektronirikas	ADJ;PSS-2;PSS-PL	elektronirikkaanne
vähittäinen	ADJ;PRT-SG	vähittäistä
ansiokas	ADJ;NOM-SG	ansiokas
ataraktinen	ADJ;PSS-1;PSS-PL	ataraktisemme
suunnitelmallisin	ADJ;PSS-3	suunnitelmallisimpansa
tiskata	V;ACT;PRS;PRF;NEG;POT;NOM-2;NOM-PL	ette liene tiskanneet
optimoida	V;PASS;PRS;POS;IMP	optimoitakoon
lättänä	ADJ;TRANS-SG	lättänäksi
kertymä	N;INS-PL	kertymin
herkistävä	ADJ;FRML-PL	herkistävinä
kuulla	V;ACT;PST;PRF;POS;IND;NOM-2;NOM-PL	olitte kuulleet
laaduton	ADJ;PRIV-SG	laaduttomatta
sanatarkka	ADJ;PRIV-PL	sanatarkoitta
plastiikkakirurgi	N;GEN-PL	plastiikkakirurgien
kääntymätön	ADJ;PSS-1;PSS-PL	kääntymättömämme
laahustaa	V;ACT;PRS;PRF;NEG;IND;NOM-3;NOM-PL	eivät ole laahustaneet
maistella	V;NFIN;ACT;AT+ESS;NOM-3	maistelemalla
servetti	N;PSS-1;PSS-PL	servettimme
tyräkkikirppa	N;TRANS-SG	tyräkkikirpaksi
vedenvihreä	ADJ;PRT-PL	vedenvihreitä
psykomotorinen	ADJ;PRT-SG	psykomotorista
kummastuttaa	V;ACT;PRS;POS;COND;NOM-3;NOM-PL	kummastuttaisivat
sapfolainen	ADJ;PSS-1;PSS-SG	sapfolaiseni
lohkaista	V;ACT;PRS;PRF;POS;COND;NOM-1;NOM-SG	olisin lohkaissut
oirehtia	V.PTCP;NEG	oirehtimaton
symboloida	V.PTCP;PASS;PST	symboloitu
voltata	V;ACT;PRS;POS;COND;NOM-3;NOM-PL	volttaisivat
hämmästyä	V;ACT;PRS;POS;IND;NOM-3;NOM-SG	hämmästyy
kunto	N;IN+ESS-PL	kunnoissa
haikailla	V;NFIN;4;PASS;NOM	haikaileminen
cembalo	N;AT+ABL-SG	cembalolta
alittaa	V;ACT;PST;POS;IND;NOM-3;NOM-SG	alitti
Kolari	N;PSS-2;PSS-SG	Kolarisi
sormeton	ADJ;ACC-PL	sormettomat
norja	ADJ;GEN-PL	norjien
polarisoitua	V;ACT;PRS;PRF;NEG;COND;NOM-3;NOM-PL	eivät olisi polarisoituneet
vedenvihreä	ADJ;TRANS-SG	vedenvihreäksi
manto	N;PSS-3	mantonsa
korkeampi	ADJ;AT+ALL-PL	korkeammille
pyhä	ADJ;AT+ESS-PL	pyhillä
karmea	ADJ;IN+ALL-SG	karmeaan
jälkituleentua	V;ACT;PRS;PRF;POS;POT;NOM-3;NOM-PL	lienevät jälkituleentuneet
assyriologinen	ADJ;AT+ALL-PL	assyriologisille
alittaa	V;ACT;PRS;PRF;NEG;POT;NOM-1;NOM-PL	emme liene alittaneet
provokatorinen	ADJ;COM-PL	provokatorisine
jurous	N;AT+ALL-PL	jurouksille
tykky	ADJ;AT+ALL-PL	tykyille
enigmaattinen	ADJ;PSS-2;PSS-SG	enigmaattisesi
vaalilause	N;AT+ESS-PL	vaalilauseilla
pleonastinen	ADJ;IN+ABL-PL	pleonastisista
lisuke	N;AT+ABL-PL	lisukkeilta
intti	N;FRML-SG	inttinä
haina	N;FRML(SG;PSS-2;PSS-SG	hainasi
servetti	N;TRANS-PL	serveteiksi
alittaa	V;ACT;PRS;NEG;COND;NOM-3;NOM-PL	eivät alittaisi
aterin	N;FRML-SG	aterimena
tulosperusteinen	ADJ;NOM-SG	tulosperusteinen
eri-ikäinen	ADJ;COM-PL	eri-ikäisine
tihentyä	V;ACT;PRS;NEG;IMP;NOM-2;NOM-SG	älä tihenny
intohimo	N;IN+ESS-SG	intohimossa
bongailla	V;PASS;PRS;PRF;NEG;IND	ei ole bongailtu
lättänä	ADJ;FRML-SG	lättänänä
ilmeetön	ADJ;FRML-PL	ilmeettöminä
ruoste	N;PSS-1;PSS-PL	ruosteemme
hautaantua	V;ACT;PRS;PRF;POS;COND;NOM-1;NOM-SG	olisin hautaantunut
kolkutella	V;ACT;PRS;PRF;NEG;IMP;NOM-2;NOM-PL	älkää olko kolkutelleet
asfalttipäällysteinen	ADJ;GEN-SG	asfalttipäällysteisen
syntesoitua	V;ACT;PRS;POS;IMP;NOM-2;NOM-SG	syntesoidu
intti	N;IN+ESS-SG	intissä
maastoutua	V;PASS;PRS;PRF;POS;COND	olisi maastouduttu
kolmilehtinen	ADJ;IN+ESS-PL	kolmilehtisissä
salolainen	ADJ;FRML-PL	salolaisina
psykomotorinen	ADJ;PSS-1;PSS-PL	psykomotorisemme
ohjauskykyinen	ADJ;PRT-PL	ohjauskykyisiä
luopua	V;PASS;PRS;NEG;COND	ei luovuttaisi
loksua	V;ACT;PST;PRF;NEG;IND;NOM-3;NOM-PL	eivät olleet loksuneet
lasitaide	N;TRANS-SG	lasitaiteeksi
leveälahkeinen	ADJ;IN+ALL-SG	leveälahkeiseen
epäaktiivinen	ADJ;PSS-2;PSS-PL	epäaktiivisenne
vinyyli	N;PSS-1;PSS-SG	vinyylini
vitsoa	V;ACT;PRS;PRF;NEG;POT;NOM-2;NOM-PL	ette liene vitsoneet
ketjuuntua	V;ACT;PRS;NEG;IND;NOM-1;NOM-PL	emme ketjuunnu
parafoida	V;ACT;PRS;PRF;NEG;IMP;NOM-3;NOM-PL	älkööt olko parafoineet
ristikuva	N;AT+ESS-PL	ristikuvilla
äkätä	V;PASS;PRS;NEG;IND	ei äkätä
usvainen	ADJ;GEN-PL	usvaisten
tepsiä	V;ACT;PRS;PRF;NEG;COND;NOM-3;NOM-PL	eivät olisi tepsineet
parikkalalainen	ADJ;PRIV-PL	parikkalalaisitta
tyräkkikirppa	N;PSS-2;PSS-SG	tyräkkikirppasi
reilata	V;ACT;PRS;NEG;IMP;NOM-1;NOM-PL	älkäämme reilatko
tunnistaja	N;FRML-PL	tunnistajina
koruommella	V;ACT;PRS;PRF;NEG;COND;NOM-2;NOM-PL	ette olisi koruommelleet
tulosperusteinen	ADJ;COM-PL	tulosperusteisine
rinofaryngiitti	N;IN+ABL-SG	rinofaryngiitista
fraasi	N;AT+ALL-PL	fraaseille
luopua	V;ACT;PRS;POS;IMP;NOM-3;NOM-SG	luopukoon
frakki	N;IN+ALL-PL	frakkeihin
liikkua	V;ACT;PRS;POS;IND;NOM-1;NOM-PL	liikumme
het	N;ACC-SG	het
jälkihypnoottinen	ADJ;PSS-2;PSS-SG	jälkihypnoottisesi
entistäjä	N;TRANS-PL	entistäjiksi
kreemi	N;PSS-1;PSS-SG	kreemini
ripsua	V;PASS;PRS;PRF;POS;IND	on ripsuttu
brasilialainen	ADJ;AT+ESS-PL	brasilialaisilla
ehjä	ADJ;COM-PL	ehjine
hautaantua	V;ACT;PRS;PRF;POS;POT;NOM-2;NOM-PL	lienette hautaantuneet
talousneuvos	N;IN+ALL-PL	talousneuvoksiin
sima	N;PSS-3	simansa
syöksyillä	V;ACT;PRS;NEG;POT;NOM-2;NOM-PL	ette syöksyille
piikivi	N;IN+ALL-SG	piikiveen
hinku	N;PRT-SG	hinkua
narkkari	N;ACC-PL	narkkarit
baraali	N;AT+ESS-SG	baraalilla
innoton	ADJ;AT+ALL-SG	innottomalle
totisempi	ADJ;AT+ALL-PL	totisemmille
asuurinsininen	ADJ;PSS-1;PSS-PL	asuurinsinisemme
saippuapuu	N;IN+ESS-PL	saippuapuissa
intohimo	N;AT+ALL-SG	intohimolle
punavihreä	ADJ;AT+ALL-SG	punavihreälle
salkopapu	N;FRML-SG	salkopapuna
antelias	ADJ;IN+ALL-PL	anteliaisiin
teroittaa	V;NFIN;4;PASS;PRT	teroittamista
lämmetä	V;ACT;PRS;POS;POT;NOM-3;NOM-SG	lämmennee
hautaantua	V;ACT;PRS;NEG;IND;NOM-2;NOM-PL	ette hautaannu
liftata	V;ACT;PRS;POS;IND;NOM-3;NOM-SG	liftaa
närvänä	N;ACC-SG	närvänä
haluttu	ADJ;TRANS-PL	halutuiksi
muodikas	ADJ;AT+ALL-SG	muodikkaalle
ataraktinen	ADJ;IN+ESS-SG	ataraktisessa
pornografinen	ADJ;GEN-PL	pornografisten
entistäjä	N;INS-PL	entistäjin
luodata	V;ACT;PRS;PRF;NEG;POT;NOM-1;NOM-PL	emme liene luodanneet
narkkari	N;GEN-PL	narkkarien
intti	N;GEN-PL	inttien
loksua	V;PASS;PRS;PRF;NEG;IND	ei ole loksuttu
pleonastinen	ADJ;PSS-1;PSS-PL	pleonastisemme
ilmeetön	ADJ;AT+ALL-PL	ilmeettömille
murehduttaa	V;ACT;PRS;PRF;NEG;IND;NOM-1;NOM-SG	en ole murehduttanut
herahtaa	V;ACT;PRS;PRF;NEG;POT;NOM-2;NOM-PL	ette liene herahtaneet
rinofaryngiitti	N;PSS-2;PSS-SG	rinofaryngiittisi
leveälahkeinen	ADJ;IN+ALL-PL	leveälahkeisiin
säihkyä	V;ACT;PRS;POS;IND;NOM-3;NOM-SG	säihkyy
upporikas	ADJ;GEN-PL	upporikkaiden
tahdoton	ADJ;FRML-PL	tahdottomina
puhkaista	V;ACT;PST;POS;IND;NOM-1;NOM-PL	puhkaisimme
vierto	N;IN+ABL-PL	vierroista
sormeton	ADJ;IN+ESS-SG	sormettomassa
huollettava	ADJ;AT+ESS-PL	huollettavilla
intti	N;AT+ALL-SG	intille
salolainen	ADJ;TRANS-PL	salolaisiksi
teroittaa	V;ACT;PRS;POS;IND;NOM-3;NOM-SG	teroittaa
useanlainen	ADJ;GEN-PL	useanlaisten
verenvuoto	N;PRT-PL	verenvuotoja
tavoiksi	N;TRANS(PL;PSS-1;PSS-SG	tavoikseni
tulkata	V;NFIN;ACT;IN+ESS;NOM-3	tulkkaamassa
assyriologinen	ADJ;ACC-PL	assyriologiset
menetellä	V;ACT;PST;POS;IND;NOM-1;NOM-PL	menettelimme
kaksimerkityksinen	ADJ;NOM-SG	kaksimerkityksinen
koruommella	V;NFIN;4;PASS;NOM	koruompeleminen
piikivi	N;IN+ESS-PL	piikivissä
psykomotorinen	ADJ;IN+ALL-SG	psykomotoriseen
teollisuudenharjoittaja	N;PRIV-PL	teollisuudenharjoittajitta
nystykärsäkäs	N;GEN-PL	nystykärsäkkäiden
het	N;IN+ESS-PL	heteissä
ratifioida	V;ACT;PRS;NEG;IMP;NOM-2;NOM-SG	älä ratifioi
pahanmakuinen	ADJ;PRT-SG	pahanmakuista
informoiminen	N;TRANS-SG	informoimiseksi
vastaiskumoottori	N;NOM-PL	vastaiskumoottorit
esitumallinen	N;PSS-2;PSS-SG	esitumallisesi
borneolainen	ADJ;GEN-PL	borneolaisten
motkottaa	V;ACT;PRS;POS;IMP;NOM-3;NOM-SG	motkottakoon
trimmata	V;ACT;PST;NEG;IND;NOM-1;NOM-PL	emme trimmanneet
narkkari	N;NOM-PL	narkkarit
remuta	V;ACT;PRS;POS;IMP;NOM-3;NOM-PL	remutkoot
mišääri	N;ACC-SG	mišääri
nokkava	ADJ;PSS-2;PSS-PL	nokkavanne
parikkalalainen	ADJ;FRML-SG	parikkalalaisena
läpäisemätön	ADJ;PRIV-SG	läpäisemättömättä
nystykärsäkäs	N;TRANS-SG	nystykärsäkkääksi
teollisuudenharjoittaja	N;ACC-PL	teollisuudenharjoittajat
syöksyillä	V;ACT;PRS;NEG;IND;NOM-1;NOM-PL	emme syöksyile
Texas	N;AT+ALL-SG	Texasille
tihentyä	V;NFIN;ACT;PRIV;NOM-3	tihentymättä
imettää	V;ACT;PRS;NEG;IMP;NOM-2;NOM-SG	älä imetä
jytistä	V;ACT;PRS;PRF;POS;IND;NOM-3;NOM-SG	on jytissyt
nesessiivinen	ADJ;PSS-1;PSS-SG	nesessiiviseni
närvänä	N;COM-PL	närvänöineen
närästää	V;ACT;PRS;PRF;NEG;IND;NOM-3;NOM-SG	ei ole närästänyt
vankentaa	V;ACT;PRS;PRF;NEG;COND;NOM-3;NOM-SG	ei olisi vankentanut
fidžintää	V;ACT;PRS;PRF;NEG;POT;NOM-1;NOM-PL	emme liene fidžintäneet
sapfolainen	ADJ;TRANS-PL	sapfolaisiksi
maatalouspoliittinen	ADJ;AT+ESS-PL	maatalouspoliittisilla
solkata	V;ACT;PST;NEG;IND;NOM-2;NOM-PL	ette solkanneet
seeprakirjoahven	N;IN+ALL-PL	seeprakirjoahveniin
pelkosenniemeläinen	ADJ;PRIV-PL	pelkosenniemeläisittä
pleonastinen	ADJ;TRANS-SG	pleonastiseksi
haikailla	V;ACT;PRS;PRF;NEG;COND;NOM-1;NOM-PL	emme olisi haikailleet
vedenvihreä	ADJ;AT+ALL-SG	vedenvihreälle
jaella	V;ACT;PRS;NEG;COND;NOM-3;NOM-PL	eivät jakelisi
delata	V;ACT;PST;PRF;NEG;IND;NOM-3;NOM-PL	eivät olleet delanneet
teroittaa	V;ACT;PRS;POS;IMP;NOM-3;NOM-PL	teroittakoot
suomettaa	V;ACT;PRS;PRF;NEG;IND;NOM-1;NOM-SG	en ole suomettanut
vastakkaismerkkinen	ADJ;ACC-SG	vastakkaismerkkinen
liikkua	V;ACT;PRS;PRF;POS;POT;NOM-1;NOM-SG	lienen liikkunut
vankentaa	V;NFIN;ACT;INS;NOM-3	vankentaman
peilaus	N;TRANS-SG	peilaukseksi
piikivi	N;IN+ABL-PL	piikivistä
pyton	N;PSS-2;PSS-SG	pytonisi
muuttunut	ADJ;PRIV-PL	muuttuneitta
sieppo	N;ACC-SG	sieppo
yhdeksänkertaistua	V;ACT;PRS;PRF;NEG;POT;NOM-3;NOM-PL	eivät liene yhdeksänkertaistuneet
opponentti	N;NOM-PL	opponentit
totisempi	ADJ;IN+ALL-SG	totisempaan
taala	N;COM-PL	taaloineen
kasvishodari	N;IN+ALL-SG	kasvishodariin
assamilainen	ADJ;AT+ESS-SG	assamilaisella
jytistä	V;ACT;PRS;POS;IMP;NOM-3;NOM-SG	jytisköön
liftata	V;ACT;PRS;PRF;NEG;IND;NOM-2;NOM-PL	ette ole liftanneet
kuulla	V;ACT;PRS;NEG;IMP;NOM-1;NOM-PL	älkäämme kuulko
uuttua	V;PASS;PST;NEG;IND	ei uututtu
isohko	ADJ;IN+ALL-PL	isohkoihin
hässiä	V;ACT;PRS;POS;IND;NOM-3;NOM-PL	hässivät
rehahtaa	V;ACT;PRS;NEG;POT;NOM-1;NOM-SG	en rehahtane
edustajuus	N;IN+ESS-PL	edustajuuksissa
hinku	N;PRT-PL	hinkuja
tyräkkikirppa	N;AT+ESS-PL	tyräkkikirpoilla
luonteenomainen	ADJ;GEN-SG	luonteenomaisen
huono-osainen	ADJ;NOM-PL	huono-osaiset
krepata	V;ACT;PRS;PRF;POS;IMP;NOM-2;NOM-PL	olkaa krepanneet
luodata	V;PASS;PRS;PRF;NEG;COND	ei olisi luodattu
etuvaihtaja	N;AT+ABL-PL	etuvaihtajilta
valtaistuin	N;FRML-PL	valtaistuimina
tihentyä	V;PASS;PST;PRF;NEG;IND	ei ollut tihennytty
haikailla	V;ACT;PST;POS;IND;NOM-3;NOM-PL	haikailivat
frakki	N;PSS-2;PSS-SG	frakkisi
kuortanelainen	ADJ;NOM-SG	kuortanelainen
kertymä	N;TRANS-SG	kertymäksi
ruoste	N;IN+ESS-PL	ruosteissa
anksiolyyttinen	ADJ;NOM-PL	anksiolyyttiset
vitsoa	V;ACT;PRS;PRF;NEG;COND;NOM-3;NOM-PL	eivät olisi vitsoneet
streikata	V;PASS;PST;PRF;POS;IND	oli streikattu
maistella	V;NFIN;ACT;IN+ALL;NOM-3	maistelemaan
kutsuttaa	V;ACT;PRS;PRF;NEG;IND;NOM-3;NOM-SG	ei ole kutsuttanut
yhdeksänkertaistua	V;ACT;PRS;POS;POT;NOM-1;NOM-SG	yhdeksänkertaistunen
suunnitelmallisin	ADJ;GEN-SG	suunnitelmallisimman
ripeäliikkeinen	ADJ;COM-PL	ripeäliikkeisine
schwabilainen	ADJ;AT+ALL-SG	schwabilaiselle
peruskartta	N;IN+ESS-PL	peruskartoissa
typeryys	N;IN+ABL-SG	typeryydestä
kirkonkirous	N;PSS-2;PSS-PL	kirkonkirouksenne
sorsia	V;ACT;PRS;NEG;IMP;NOM-1;NOM-PL	älkäämme sorsiko
frakki	N;PRT-SG	frakkia
lisäravinne	N;IN+ESS-SG	lisäravinteessa
rakas	ADJ;PSS-1;PSS-PL	rakkaamme
kovakoodata	V;ACT;PST;NEG;IND;NOM-3;NOM-PL	eivät kovakoodanneet
Raitis	N;PSS-2;PSS-SG	Raittiisi
totisempi	ADJ;IN+ABL-PL	totisemmista
pohjoismaalainen	ADJ;AT+ABL-PL	pohjoismaalaisilta
tanttamainen	ADJ;GEN-PL	tanttamaisten
suka	N;COM-PL	sukoineen
haaveilla	V;ACT;PRS;NEG;IND;NOM-2;NOM-PL	ette haaveile
pyykinpesukone	N;NOM-SG	pyykinpesukone
tahdoton	ADJ;PRT-SG	tahdotonta
vatsakalvontakainen	ADJ;PSS-1;PSS-PL	vatsakalvontakaisemme
vierto	N;PSS-1;PSS-PL	viertomme
ripeäliikkeinen	ADJ;GEN-SG	ripeäliikkeisen
parata	V;NFIN;5;ACT	paranemaisillaan
